date,brand,sentiment_index,competition,customer_complaints,discounts,expansion,funding,logistics,other,partnership,regulation,technology
2026-09-01,ajio,1.0,0,0,0,0,1,0,0,0,0,0
2026-09-09,ajio,1.0,0,0,0,0,0,1,0,0,0,0
2026-09-11,tata cliq,0.0,0,0,1,0,0,0,0,0,0,0
2026-09-11,zivame,1.0,0,0,0,0,1,0,0,0,0,1
2026-09-12,zara india,-0.5,0,0,0,0,0,1,0,0,0,1
2026-09-16,shiprocket,0.3333333333333333,0,0,0,0,1,0,0,1,0,1
2026-09-18,firstcry,1.0,0,0,0,0,0,0,0,0,0,1
2026-09-18,pharmeasy,0.0,0,0,0,0,0,0,0,0,0,1
2026-09-18,tata 1mg,0.0,0,0,0,0,0,0,0,0,0,1
2026-09-18,zara india,0.0,0,0,0,0,0,0,1,0,0,0
2026-09-22,firstcry,-1.0,0,0,0,0,0,0,0,0,0,1
2026-09-22,tata cliq,0.0,0,0,0,0,0,0,1,0,0,0
2026-09-23,delhivery,-1.0,0,0,0,0,0,0,1,0,0,0
2026-09-23,tata 1mg,0.0,0,0,0,0,0,0,1,0,0,0
2026-09-24,ajio,0.6666666666666666,0,0,1,0,0,0,0,0,0,2
2026-09-24,bigbasket,0.0,0,0,0,0,0,0,0,0,1,0
2026-09-24,shiprocket,-1.0,0,0,0,0,1,0,0,0,0,0
2026-09-24,tata 1mg,0.0,0,0,0,0,0,0,1,0,0,0
2026-09-25,bigbasket,0.5,0,0,0,0,0,0,1,0,0,1
2026-09-25,delhivery,1.0,0,0,0,0,0,0,1,0,0,0
2026-09-25,nykaa,-0.3333333333333333,0,0,1,0,0,0,0,0,0,2
2026-09-25,zara india,-1.0,0,0,0,0,0,0,0,0,0,1
2026-09-26,nykaa,0.0,0,0,0,0,0,0,1,0,0,0
2026-09-27,bigbasket,0.0,0,0,0,0,0,0,1,0,0,0
2026-09-27,myntra,0.5,0,0,0,1,0,0,0,0,0,1
2026-09-27,pharmeasy,-1.0,0,0,0,0,0,0,0,0,0,1
2026-09-28,bigbasket,0.0,0,0,0,0,0,0,1,0,0,0
2026-09-28,blinkit,1.0,0,0,0,0,0,0,0,0,0,1
2026-09-28,delhivery,1.0,0,0,0,0,1,0,0,0,0,0
2026-09-28,firstcry,-0.5,0,0,0,0,0,0,1,0,0,1
2026-09-28,h&m india,0.0,0,0,0,0,0,0,2,1,0,1
2026-09-28,lenskart,1.0,0,0,0,0,0,0,0,0,0,2
2026-09-28,meesho,1.0,0,0,0,0,0,0,0,0,0,1
2026-09-28,nykaa,0.0,0,0,1,0,0,0,0,0,0,0
2026-09-29,amazon india,0.0,0,0,1,0,1,0,1,0,1,1
2026-09-29,blinkit,0.6666666666666666,0,0,0,2,0,0,0,0,0,1
2026-09-29,delhivery,0.0,0,0,0,0,0,0,0,0,0,1
2026-09-29,flipkart,0.6,0,0,1,1,0,2,1,0,0,0
2026-09-29,h&m india,0.0,0,0,0,0,0,0,1,0,0,0
2026-09-29,meesho,-0.5,0,1,0,0,0,0,1,0,0,0
2026-09-29,myntra,0.0,1,0,1,0,0,0,0,0,0,0
2026-09-29,reliance digital,-0.2,0,0,3,1,0,0,0,0,0,1
2026-09-29,snapdeal,-0.2,0,1,0,0,0,0,0,0,0,4
2026-09-29,swiggy,0.0,0,0,0,0,0,0,0,0,0,1
2026-09-29,urban company,0.5,0,0,0,0,0,0,2,0,0,2
2026-09-29,zepto,-1.0,0,0,0,0,0,0,0,0,0,1
2026-09-29,zomato,-0.5,0,0,0,0,0,0,0,0,0,2
