date,sentiment_index,competition,customer_complaints,discounts,expansion,funding,logistics,other,partnership,technology
2026-09-09,1.0,0,0,0,0,0,1,0,0,0
2026-09-11,1.0,0,0,0,0,1,0,0,0,1
2026-09-12,-0.5,0,0,0,0,0,1,0,0,1
2026-09-16,0.5,0,0,0,0,1,0,0,1,0
2026-09-18,0.3333333333333333,0,0,0,0,0,0,1,0,2
2026-09-22,-0.5,0,0,0,0,0,0,1,0,1
2026-09-23,0.0,0,0,0,0,0,0,1,0,0
2026-09-24,0.25,0,0,1,0,1,0,0,0,2
2026-09-25,0.3333333333333333,0,0,0,0,0,0,2,0,1
2026-09-27,0.0,0,0,0,1,0,0,1,0,2
2026-09-28,0.0,0,0,0,0,1,0,2,0,1
2026-09-29,-0.2,1,2,1,0,0,0,0,0,1
2026-09-30,0.1,0,1,1,2,0,1,3,0,2
2026-10-01,0.1,0,0,1,2,0,0,6,0,1
2026-10-02,-0.6,0,0,1,0,0,2,0,0,2
2026-10-03,-0.2857142857142857,1,0,1,0,0,0,3,0,2
2026-10-04,-0.21739130434782608,0,1,4,1,2,1,3,0,11
